JobNumber;categorie;V‚hicule;JobName;ExpectedCompletionDate;LASTEDATE;Complete
144;1;36;;27/10/2021;27/10/2021;FALSE
145;1;37;;04/11/2022;04/11/2022;FALSE
146;4;37;;02/11/2023;02/11/2023;FALSE
147;2;37;;11/11/2022;11/11/2022;FALSE
148;3;37;;03/11/2023;03/11/2023;FALSE
150;1;34;;31/12/2025;;FALSE
151;1;13;;31/12/2024;;FALSE
152;1;17;;31/12/2025;;FALSE
153;1;18;;31/12/2025;;FALSE
154;1;19;;31/12/2025;;FALSE
155;1;23;;31/12/2025;;FALSE
156;1;10;;31/12/2025;;FALSE
157;8;10;;27/09/2033;;FALSE
158;8;13;;17/02/2029;;FALSE
159;8;17;;14/10/2029;;FALSE
160;8;18;;13/03/2030;;FALSE
161;8;23;;09/12/2030;;FALSE
162;2;23;;19/12/2025;;FALSE
163;4;23;;20/12/2026;;FALSE
167;2;18;;31/03/2025;;FALSE
168;5;18;;13/03/2025;;FALSE
169;4;18;;02/04/2025;;FALSE
170;1;41;;31/10/2022;;FALSE
171;2;41;;19/05/2022;;FALSE
172;7;18;;31/03/2026;;FALSE
173;8;19;;21/09/2030;;FALSE
174;4;19;;15/10/2026;;FALSE
175;2;19;;04/06/2025;;FALSE
176;7;19;;04/08/2026;;FALSE
177;1;43;;;;FALSE
178;1;44;;;;FALSE
179;8;45;;12/12/2031;;FALSE
180;7;23;;19/12/2026;;FALSE
181;1;47;;30/03/2022;;FALSE
182;7;13;;09/03/2025;;FALSE
183;4;13;;15/02/2025;;FALSE
184;2;13;;19/02/2025;;FALSE
185;8;34;;09/07/2031;;FALSE
186;2;34;;24/06/2025;;FALSE
187;7;34;;05/07/2025;;FALSE
188;5;34;;24/06/2025;;FALSE
189;4;34;;25/06/2025;;FALSE
190;8;48;;;;FALSE
191;2;48;;10/08/2023;;FALSE
192;1;48;;31/12/2022;;FALSE
193;6;49;;;;FALSE
194;7;10;;21/09/2025;;FALSE
195;2;10;;20/09/2025;;FALSE
196;7;17;;17/10/2025;;FALSE
197;2;17;;15/10/2025;;FALSE
199;11;10;;25/11/2025;;FALSE
200;4;17;;18/10/2024;;FALSE
201;5;17;;25/07/2025;;FALSE
203;5;19;;31/07/2025;;FALSE
204;11;23;;20/12/2026;;FALSE
205;1;53;;30/10/2024;;FALSE
206;5;10;;19/09/2025;;FALSE
207;5;13;;20/02/2025;;FALSE
208;5;23;;30/01/2025;;FALSE
209;1;56;;31/12/2024;;FALSE
212;11;18;;02/04/2025;;FALSE
